{
  "strategy": {
    "ann_ret": 0.12376752924100654,
    "ann_vol": 0.17053078839874755,
    "sharpe": 0.47395335905079006,
    "sortino": 1.0550522206129032,
    "calmar": 0.5345218781353158,
    "max_dd": -0.23154810739042267,
    "win_rate": 0.6086956521739131,
    "skew": -0.045255385023920056,
    "kurt": 1.9249317599760234,
    "var_95": -0.01715820702214469,
    "cvar_95": -0.02359578594085579,
    "total_ret": 0.238530992094657,
    "best_month": 0.12295033739515748,
    "worst_month": -0.14778884459604213,
    "n_days": 462.0
  },
  "benchmark": {
    "ann_ret": 0.16326762854366894,
    "ann_vol": 0.11180276568118916,
    "sharpe": 0.9580169836916756,
    "sortino": 2.3117375284037203,
    "calmar": 1.8105116442021914,
    "max_dd": -0.09017761861212079,
    "win_rate": 0.6521739130434783,
    "skew": 0.08582481840318038,
    "kurt": 1.3856867083910611,
    "var_95": -0.010781344933797815,
    "cvar_95": -0.014133449704159548,
    "total_ret": 0.31950997684644666,
    "best_month": 0.08767829950475914,
    "worst_month": -0.05002714733560176,
    "n_days": 462.0
  },
  "market_exposure": {
    "beta_vs_dji": 1.0041550344807202,
    "alpha_ann": -0.02693976347451492,
    "corr_dji": 0.6583404151344374,
    "r_squared": 0.4334121021993834
  },
  "annual": {
    "2023": {
      "strategy": 0.07892590816993073,
      "dji": 0.1109333857144792
    },
    "2024": {
      "strategy": 0.1479296054679513,
      "dji": 0.18774896300179367
    }
  }
}