{
  "strategy": {
    "ann_ret": 0.12376752924100654,
    "ann_vol": 0.17053078839874755,
    "sharpe": 0.47395335905079006,
    "sortino": 1.0550522206129032,
    "calmar": 0.5345218781353158,
    "max_dd": -0.23154810739042267,
    "win_rate": 0.6086956521739131,
    "skew": -0.045255385023920056,
    "kurt": 1.9249317599760234,
    "var_95": -0.01715820702214469,
    "cvar_95": -0.02359578594085579,
    "total_ret": 0.238530992094657,
    "best_month": 0.12295033739515748,
    "worst_month": -0.14778884459604213,
    "n_days": 462.0
  },
  "benchmark": {
    "ann_ret": 0.22480284279524199,
    "ann_vol": 0.1252577118261148,
    "sharpe": 1.2797034604563944,
    "sortino": 2.6655649861965025,
    "calmar": 2.0487024913617646,
    "max_dd": -0.10972937444217018,
    "win_rate": 0.7391304347826086,
    "skew": -0.22552418596830948,
    "kurt": 0.5518241648827971,
    "var_95": -0.014114350000000013,
    "cvar_95": -0.017157208333333316,
    "total_ret": 0.45028940336133294,
    "best_month": 0.09191889142601717,
    "worst_month": -0.04748845341982588,
    "n_days": 462.0
  },
  "market_exposure": {
    "beta_vs_dji": 0.8337147549557156,
    "alpha_ann": -0.044433995505968715,
    "corr_dji": 0.6123774099797097,
    "r_squared": 0.37500609225345743
  },
  "annual": {
    "2023": {
      "strategy": 0.07892590816993073,
      "dji": 0.1430238803727515
    },
    "2024": {
      "strategy": 0.1479296054679513,
      "dji": 0.26881811330869065
    }
  }
}